,"Alcohol, recorded per capita (15+) consumption (in litres of pure alcohol)","Alcohol, recorded per capita (15+) consumption (in litres of pure alcohol)__1","Alcohol, recorded per capita (15+) consumption (in litres of pure alcohol)__2","Alcohol, recorded per capita (15+) consumption (in litres of pure alcohol)__3","Alcohol, recorded per capita (15+) consumption (in litres of pure alcohol)__4","Alcohol, recorded per capita (15+) consumption (in litres of pure alcohol)__5","Alcohol, recorded per capita (15+) consumption (in litres of pure alcohol)__6",Country,__1,_id,avgalcohol
6,5.07,4.77,4.81,5.06,5.43,5.65,5.53,Albania,All types,5df37fcb3f3e49ef73280386,
11,0.56,0.56,0.56,0.54,0.49,0.44,0.39,Algeria,All types,5df37fcb3f3e49ef7328038b,
16,10.06,9.97,9.95,9.78,10.06,10.31,10.64,Andorra,All types,5df37fcb3f3e49ef73280390,
21,4.7,5.65,9,8.02,8.14,7.86,7.67,Angola,All types,5df37fcb3f3e49ef73280395,
36,3.77,3.84,3.97,3.72,3.84,4.06,4.23,Armenia,All types,5df37fcb3f3e49ef732803a4,
41,9.71,9.52,9.71,9.87,10.03,10.3,10.52,Australia,All types,5df37fcb3f3e49ef732803a9,
51,0.39,0.84,1.95,2.04,1.98,1.94,1.9,Azerbaijan,All types,5df37fcb3f3e49ef732803b3,
61,2.08,2.16,2.12,2.12,2.02,1.86,2.1,Bahrain,All types,5df37fcb3f3e49ef732803bd,
76,10.05,10.09,11.71,12.37,14.14,15.05,13.88,Belarus,All types,5df37fcb3f3e49ef732803cc,
101,3.57,3.61,3.69,3.73,3.82,3.86,3.9,Bolivia (Plurinational State of),All types,5df37fcb3f3e49ef732803e5,
106,4.44,4.33,4.34,4.43,4.69,4.65,4.5,Bosnia and Herzegovina,All types,5df37fcb3f3e49ef732803ea,
116,6.31,6.97,7.17,7.1,7.31,7.43,7.38,Brazil,All types,5df37fcb3f3e49ef732803f4,
126,11.49,11.3,10.67,10.74,11.3,11.05,10.83,Bulgaria,All types,5df37fcb3f3e49ef732803fe,
146,3.5,3.32,3.04,2.78,2.5,2.38,2.14,Cambodia,All types,5df37fcb3f3e49ef73280412,
156,8.2,8,8.1,8.2,8.3,8.2,8.4,Canada,All types,5df37fcb3f3e49ef7328041c,
176,5.74,5.74,5.81,5.81,5.74,5.65,5.75,China,All types,5df37fcb3f3e49ef73280430,
181,4.46,4.43,4.3,4.33,4.35,4.29,4.21,Colombia,All types,5df37fcb3f3e49ef73280435,
201,3.7,3.63,3.56,3.53,3.43,3.49,3.65,Costa Rica,All types,5df37fcb3f3e49ef73280449,
211,10.32,9.89,10.64,11.64,11.92,12.43,12.11,Croatia,All types,5df37fcb3f3e49ef73280453,
216,4.59,4.6,4.48,4.32,4.15,4.15,4.1,Cuba,All types,5df37fcb3f3e49ef73280458,
226,12.99,12.82,13.06,12.84,12.97,12.61,12.65,Czechia,All types,5df37fcb3f3e49ef73280462,
241,9.55,9.38,9.53,9.43,9.1,10.22,10.24,Denmark,All types,5df37fcb3f3e49ef73280471,
246,0.36,0.37,0.34,0.52,0.47,0.51,0.5,Djibouti,All types,5df37fcb3f3e49ef73280476,
256,5.5,6.14,6.02,6.03,6.02,6.01,6.12,Dominican Republic,All types,5df37fcb3f3e49ef73280480,
261,3.17,3.67,3.8,3.78,3.92,4,3.96,Ecuador,All types,5df37fcb3f3e49ef73280485,
266,0.18,0.18,0.2,0.2,0.2,0.2,0.21,Egypt,All types,5df37fcb3f3e49ef7328048a,
271,2.68,2.57,2.47,2.36,2.42,2.31,2.29,El Salvador,All types,5df37fcb3f3e49ef7328048f,
286,15.35,16.64,17.29,17.75,16.96,16.27,14.97,Estonia,All types,5df37fcb3f3e49ef7328049e,
306,8.43,8.51,8.75,9.07,9.27,9.81,9.72,Finland,All types,5df37fcb3f3e49ef732804b2,
311,11.74,11.87,11.97,11.64,12.24,12.37,12.33,France,All types,5df37fcb3f3e49ef732804b7,
326,7.44,7.44,7.23,7.06,7.59,8.68,8.1,Georgia,All types,5df37fcb3f3e49ef732804c6,
331,10.9,11.99,11.6,11.67,11.76,11.87,11.35,Germany,All types,5df37fcb3f3e49ef732804cb,
341,6.52,6.64,6.99,7.52,7.62,8.03,8.99,Greece,All types,5df37fcb3f3e49ef732804d5,
346,8.88,8.67,8.47,8.37,8.28,8.11,8.18,Grenada,All types,5df37fcb3f3e49ef732804da,
351,1.62,1.62,1.65,1.81,1.9,2.02,1.99,Guatemala,All types,5df37fcb3f3e49ef732804df,
366,5.31,4.75,5.2,5.11,5.13,5.11,5.08,Guyana,All types,5df37fcb3f3e49ef732804ee,
376,2.86,2.84,2.64,2.92,2.92,2.94,2.91,Honduras,All types,5df37fcb3f3e49ef732804f8,
386,7.5,7.66,7.01,6.8,6.82,6.84,6.79,Iceland,All types,5df37fcb3f3e49ef73280502,
390,3.04,3,3.02,3.05,3.06,2.96,2.74,India,All types,5df37fcb3f3e49ef73280506,
395,0.29,0.28,0.28,0.28,0.1,0.09,0.09,Indonesia,All types,5df37fcb3f3e49ef7328050b,
410,11.46,10.93,11,10.64,11.53,11.65,11.63,Ireland,All types,5df37fcb3f3e49ef7328051a,
415,2.64,2.61,2.71,2.86,2.81,2.66,2.63,Israel,All types,5df37fcb3f3e49ef7328051f,
420,7.08,7.14,7.56,7.35,7.48,6.98,6.95,Italy,All types,5df37fcb3f3e49ef73280524,
425,3.44,3.33,3.28,3.27,3.15,3.09,3.06,Jamaica,All types,5df37fcb3f3e49ef73280529,
435,0.38,0.37,0.43,0.41,0.43,0.44,0.52,Jordan,All types,5df37fcb3f3e49ef73280533,
440,5.8,5.92,6.06,6.26,6.48,6.35,6.59,Kazakhstan,All types,5df37fcb3f3e49ef73280538,
460,3.91,4.7,5.59,5.72,5.83,6.02,6.08,Kyrgyzstan,All types,5df37fcb3f3e49ef7328054c,
470,11.19,10.82,10.6,10.43,10.2,10.11,9.83,Latvia,All types,5df37fcb3f3e49ef73280556,
475,1.21,1.18,1.36,1.34,1.42,1.47,1.56,Lebanon,All types,5df37fcb3f3e49ef7328055b,
495,13.61,14.42,14.82,15.14,15.15,14.88,13.61,Lithuania,All types,5df37fcb3f3e49ef7328056f,
500,11.22,11.83,11.69,11.55,11.89,12.01,11.72,Luxembourg,All types,5df37fcb3f3e49ef73280574,
505,0.89,0.87,0.88,0.87,0.93,0.97,1.03,Madagascar,All types,5df37fcb3f3e49ef73280579,
515,0.63,0.64,0.58,0.59,0.53,0.51,0.49,Malaysia,All types,5df37fcb3f3e49ef73280583,
530,8.02,7.75,7.88,7.97,7.92,7.12,7.52,Malta,All types,5df37fcb3f3e49ef73280592,
545,5.53,5.28,5.19,5.16,5.31,5.32,5.15,Mexico,All types,5df37fcb3f3e49ef732805a1,
570,1.29,1.23,1.1,1,0.99,0.93,0.85,Mozambique,All types,5df37fcb3f3e49ef732805ba,
605,9.24,8.87,9.15,9.25,9.24,9.48,9.63,New Zealand,All types,5df37fcb3f3e49ef732805dd,
610,3.86,3.73,3.54,3.56,3.61,3.36,3.34,Nicaragua,All types,5df37fcb3f3e49ef732805e2,
630,6.03,5.97,6.06,6.22,6.21,6.44,6.59,Norway,All types,5df37fcb3f3e49ef732805f6,
635,0.39,0.39,0.39,0.42,0.48,0.51,0.53,Oman,All types,5df37fcb3f3e49ef732805fb,
640,0.04,0.04,0.04,0.03,0.03,0.04,0.04,Pakistan,All types,5df37fcb3f3e49ef73280600,
645,6.69,6.92,7.29,7.35,7.11,7.05,6.9,Panama,All types,5df37fcb3f3e49ef73280605,
655,5.8,5.63,6.07,6.14,6.17,6.6,6.81,Paraguay,All types,5df37fcb3f3e49ef7328060f,
665,4.55,4.41,4.55,4.53,4.95,4.9,4.78,Philippines,All types,5df37fcb3f3e49ef73280619,
670,10.43,10.48,10.45,10.79,10.19,10.21,10.04,Poland,All types,5df37fcb3f3e49ef7328061e,
675,10.66,10.54,10.35,10.54,10.86,11.91,12.23,Portugal,All types,5df37fcb3f3e49ef73280623,
685,1.31,1.26,1.2,1.24,1.16,1.17,1.14,Qatar,All types,5df37fcb3f3e49ef7328062d,
695,9.3,9.39,9.14,9.62,9.85,8.67,7.55,Republic of Moldova,All types,5df37fcb3f3e49ef73280637,
705,8.42,8.41,8.85,9.92,10.89,10.95,10.98,Russian Federation,All types,5df37fcb3f3e49ef73280641,
715,8.86,8.8,8.58,8.51,8.46,8.27,8.38,Saint Kitts and Nevis,All types,5df37fcb3f3e49ef7328064b,
720,9.69,9.66,9.5,9.26,9.63,10.26,10.68,Saint Lucia,All types,5df37fcb3f3e49ef73280650,
725,7.44,7.25,6.99,6.89,6.93,7.02,6.99,Saint Vincent and the Grenadines,All types,5df37fcb3f3e49ef73280655,
750,9.17,9.13,8.77,9.06,9.05,8.96,9.09,Serbia,All types,5df37fcc3f3e49ef7328066e,
765,1.81,1.8,1.83,1.84,1.93,1.89,1.84,Singapore,All types,5df37fcc3f3e49ef7328067d,
770,10.14,10.78,10.89,10.54,10.66,10.78,10.55,Slovakia,All types,5df37fcc3f3e49ef73280682,
775,10.51,11.49,10.92,9.53,10.95,10.61,10.31,Slovenia,All types,5df37fcc3f3e49ef73280687,
790,7.12,7.12,7.17,7.19,7.26,7.28,7.28,South Africa,All types,5df37fcc3f3e49ef73280696,
795,8.58,8.26,8.7,8.77,8.83,9.01,9.78,Spain,All types,5df37fcc3f3e49ef7328069b,
810,4.22,4.69,5.41,5.95,5.75,5.66,5.27,Suriname,All types,5df37fcc3f3e49ef732806aa,
815,7.18,7.16,7.2,7.32,7.23,7.34,7.31,Sweden,All types,5df37fcc3f3e49ef732806af,
820,9.43,9.62,9.62,9.74,9.87,9.99,10.01,Switzerland,All types,5df37fcc3f3e49ef732806b4,
830,0.91,0.9,0.87,0.79,0.76,0.7,0.67,Tajikistan,All types,5df37fcc3f3e49ef732806be,
840,4.83,4.68,3.75,3.81,3.74,3.74,3.76,Republic of North Macedonia,All types,5df37fcc3f3e49ef732806c8,
860,7.52,6.87,6.88,6.68,6.68,6.5,6.5,Trinidad and Tobago,All types,5df37fcc3f3e49ef732806dc,
865,1.4,1.42,1.49,1.4,1.39,1.28,1.27,Tunisia,All types,5df37fcc3f3e49ef732806e1,
870,1.29,1.4,1.44,1.4,1.53,1.51,1.49,Turkey,All types,5df37fcc3f3e49ef732806e6,
875,3.43,3.39,3.85,3.88,3.7,3.56,3.55,Turkmenistan,All types,5df37fcc3f3e49ef732806eb,
890,5.82,5.75,6.22,7.11,8.18,8.77,8.81,Ukraine,All types,5df37fcc3f3e49ef732806fa,
895,2.1,2.03,1.94,1.86,1.79,1.76,1.7,United Arab Emirates,All types,5df37fcc3f3e49ef732806ff,
900,9.81,9.82,9.69,9.65,9.76,10.02,10.22,United Kingdom of Great Britain and Northern Ireland,All types,5df37fcc3f3e49ef73280704,
920,1.6,1.61,1.51,1.56,1.52,1.77,1.79,Uzbekistan,All types,5df37fcc3f3e49ef73280718,
930,3.87,5.98,6.41,6.66,6.65,6.7,7.18,Venezuela (Bolivarian Republic of),All types,5df37fcc3f3e49ef73280722,
935,3.1,2.92,2.74,2.66,2.5,2.37,2.18,Viet Nam,All types,5df37fcc3f3e49ef73280727,
